JobId,UserId,GroupId,Name,JobState,Partition,TimeLimit,StartTime,EndTime,NodeList,NodeCnt,ProcCnt,WorkDir,ReservationName,Tres,Account,QOS,WcKey,Cluster,SubmitTime,EligibleTime,DerivedExitCode,ExitCode
194,luizfl(1023),luizfl(1023),meu_primeiro_programa.slurm,FAILED,normal,20,2024-03-01T06:34:23,2024-03-01T06:34:23,compute00,1,1,/home/luizfl/scratch,,"cpu=1,mem=14000M,node=1,billing=1",,,,unknown,2024-03-01T06:34:23,2024-03-01T06:34:23,0:0,2:0
195,luizfl(1023),luizfl(1023),meu_primeiro_programa,FAILED,normal,20,2024-03-01T06:34:30,2024-03-01T06:34:30,compute00,1,1,/home/luizfl/scratch,,"cpu=1,mem=14000M,node=1,billing=1",,,,unknown,2024-03-01T06:34:30,2024-03-01T06:34:30,0:0,2:0
196,luizfl(1023),luizfl(1023),meu_primeiro_programa,FAILED,normal,5,2024-03-01T06:35:14,2024-03-01T06:35:14,(null),0,0,/home/luizfl/scratch,,"cpu=4,mem=1G,node=1,billing=4",,,,unknown,2024-03-01T06:35:14,2024-03-01T06:35:14,0:0,0:1
197,luizfl(1023),luizfl(1023),meu_primeiro_programa,FAILED,normal,20,2024-03-01T06:36:10,2024-03-01T06:36:10,compute00,1,1,/home/luizfl/scratch,,"cpu=1,mem=14000M,node=1,billing=1",,,,unknown,2024-03-01T06:36:10,2024-03-01T06:36:10,0:0,2:0
198,luizfl(1023),luizfl(1023),meu_primeiro_programa.slurm,FAILED,normal,20,2024-03-01T06:36:20,2024-03-01T06:36:20,compute00,1,1,/home/luizfl/scratch,,"cpu=1,mem=14000M,node=1,billing=1",,,,unknown,2024-03-01T06:36:20,2024-03-01T06:36:20,0:0,2:0
199,luizfl(1023),luizfl(1023),bash,COMPLETED,normal,20,2024-03-01T06:37:22,2024-03-01T06:37:38,compute00,1,1,/home/luizfl/scratch,,"cpu=1,mem=14000M,node=1,billing=1",,,,unknown,2024-03-01T06:37:22,2024-03-01T06:37:22,0:0,0:0
201,lincolnrpm(1035),lincolnrpm(1035),sleeps.slurm,FAILED,normal,20,2024-03-01T06:38:00,2024-03-01T06:38:00,compute01,1,1,/home/lincolnrpm/scratch,,"cpu=1,mem=14000M,node=1,billing=1",,,,unknown,2024-03-01T06:38:00,2024-03-01T06:38:00,0:0,2:0
202,lincolnrpm(1035),lincolnrpm(1035),hello_world,FAILED,express,1,2024-03-01T06:38:14,2024-03-01T06:38:14,compute01,1,1,/home/lincolnrpm/scratch,,"cpu=1,mem=50M,node=1,billing=1",,,,unknown,2024-03-01T06:38:14,2024-03-01T06:38:14,0:0,0:53
200,luizfl(1023),luizfl(1023),bash,FAILED,normal,20,2024-03-01T06:37:49,2024-03-01T06:39:32,compute00,1,1,/home/luizfl/scratch,,"cpu=1,mem=14000M,node=1,billing=1",,,,unknown,2024-03-01T06:37:49,2024-03-01T06:37:49,0:0,130:0
205,lincolnrpm(1035),lincolnrpm(1035),hello_world,FAILED,express,1,2024-03-01T06:39:56,2024-03-01T06:39:56,compute01,1,1,/home/lincolnrpm/scratch,,"cpu=1,mem=50M,node=1,billing=1",,,,unknown,,2024-03-01T06:39:50,2024-03-01T06:39:50,0:0,130:0
207,caiorp(1034),caiorp(1034),bash,FAILED,normal,20,2024-03-01T06:40:28,2024-03-01T06:40:51,compute02,1,1,/home/caiorp/scratch,,"cpu=1,mem=14000M,node=1,billing=1",,,,unknown,,2024-03-01T06:40:44,2024-03-01T06:40:44,0:0,0:0
206,luizfl(1023),luizfl(1023),bash,COMPLETED,normal,20,2024-03-01T06:40:17,2024-03-01T06:42:19,compute01,1,1,/home/luizfl/scratch,,"cpu=1,mem=14000M,node=1,billing=1",,,,unknown,2024-03-01T06:40:17,2024-03-01T06:40:17,0:0,0:0
210,luizfl(1023),luizfl(1023),meu_primeiro_programa.slurm,FAILED,normal,20,2024-03-01T06:42:52,2024-03-01T06:42:52,compute00,1,1,/home/luizfl/scratch,,"cpu=1,mem=14000M,node=1,billing=1",,,,unknown,2024-03-01T06:42:52,2024-03-01T06:42:52,0:0,2:0
211,luizfl(1023),luizfl(1023),meu_primeiro_programa,FAILED,normal,1,2024-03-01T06:43:20,2024-03-01T06:43:20,(null),0,0,/home/luizfl/scratch,,"cpu=4,mem=1G,node=1,billing=4",,,,unknown,2024-03-01T06:43:20,2024-03-01T06:43:21,0:0,0:1
203,andrebbm(1005),andrebbm(1005),HelloWorld,CANCELLED,normal,60,2024-03-01T06:44:37,2024-03-01T06:44:37,(null),0,0,/home/andrebbm,,"cpu=4,mem=4G,node=1,billing=4",,,,unknown,2024-03-01T06:38:40,2024-03-01T06:38:40,0:0,0:0
212,andrebbm(1005),andrebbm(1005),HelloWorld,CANCELLED,normal,60,2024-03-01T06:46:13,2024-03-01T06:46:13,(null),0,0,/home/andrebbm,,"cpu=4,mem=4G,node=1,billing=4",,,,unknown,2024-03-01T06:44:56,2024-03-01T06:44:56,0:0,0:0
215,luizfl(1023),luizfl(1023),meu_primeiro_programa,FAILED,normal,1,2024-03-01T06:46:15,2024-03-01T06:46:15,compute00,1,4,/home/luizfl/scratch,,"cpu=4,mem=1G,node=1,billing=4",,,,unknown,2024-03-01T06:46:15,2024-03-01T06:46:15,0:0,0:53
216,pedrobb(1006),pedrobb(1006),teste_pbb,FAILED,express,1,2024-03-01T06:46:18,2024-03-01T06:46:18,compute00,1,1,/home/pedrobb/scratch,,"cpu=1,mem=500M,node=1,billing=1",,,,unknown,2024-03-01T06:46:17,2024-03-01T06:46:17,0:0,0:53
214,andrebbm(1005),andrebbm(1005),HelloWorld,CANCELLED,normal,60,2024-03-01T06:46:59,2024-03-01T06:46:59,(null),0,0,/home/andrebbm,,"cpu=4,mem=4G,node=1,billing=4",,,,unknown,2024-03-01T06:45:56,2024-03-01T06:45:56,0:0,0:0
218,domrsfs(1036),domrsfs(1036),meu_job,FAILED,normal,1,2024-03-01T06:47:16,2024-03-01T06:47:16,compute00,1,1,/home/domrsfs/scratch,,"cpu=1,mem=14000M,node=1,billing=1",,,,unknown,2024-03-01T06:47:16,2024-03-01T06:47:16,0:0,0:53
219,luizfl(1023),luizfl(1023),palmeiras_nao_tem_mundial,FAILED,normal,1,2024-03-01T06:49:01,2024-03-01T06:49:01,compute00,1,4,/home/luizfl/scratch,,"cpu=4,mem=1G,node=1,billing=4",,,,unknown,2024-03-01T06:49:00,2024-03-01T06:49:00,0:0,0:53
220,domrsfs(1036),domrsfs(1036),bash,FAILED,normal,20,2024-03-01T06:49:45,2024-03-01T06:50:11,compute00,1,1,/home/domrsfs/scratch,,"cpu=1,mem=14000M,node=1,billing=1",,,,unknown,2024-03-01T06:49:45,2024-03-01T06:49:45,0:0,130:0
221,pedrobb(1006),pedrobb(1006),teste_pbb,FAILED,express,2,2024-03-01T06:50:22,2024-03-01T06:50:22,compute00,1,1,/home/pedrobb/scratch,,"cpu=1,mem=500M,node=1,billing=1",,,,unknown,2024-03-01T06:50:21,2024-03-01T06:50:21,0:0,0:53
223,pedrobb(1006),pedrobb(1006),teste_pbb,FAILED,express,2,2024-03-01T06:51:28,2024-03-01T06:51:28,compute01,1,1,/home/pedrobb/scratch,,"cpu=1,mem=500M,node=1,billing=1",,,,unknown,2024-03-01T06:51:28,2024-03-01T06:51:28,0:0,0:53
222,domrsfs(1036),domrsfs(1036),bash,COMPLETED,normal,20,2024-03-01T06:50:56,2024-03-01T06:51:43,compute00,1,1,/home/domrsfs/scratch,,"cpu=1,mem=14000M,node=1,billing=1",,,,unknown,2024-03-01T06:50:56,2024-03-01T06:50:56,0:0,0:0
225,caiorp(1034),caiorp(1034),teste_job,FAILED,express,2,2024-03-01T06:53:40,2024-03-01T06:53:40,compute00,1,1,/home/caiorp/scratch,,"cpu=1,mem=1G,node=1,billing=1",,,,unknown,2024-03-01T06:53:39,2024-03-01T06:53:39,0:0,0:53
226,domrsfs(1036),domrsfs(1036),meu_job,FAILED,normal,1,2024-03-01T06:54:45,2024-03-01T06:54:45,compute00,1,1,/home/domrsfs/scratch,,"cpu=1,mem=14000M,node=1,billing=1",,,,unknown,2024-03-01T06:54:44,2024-03-01T06:54:44,0:0,0:53
227,domrsfs(1036),domrsfs(1036),bash,FAILED,normal,20,2024-03-01T06:55:28,2024-03-01T06:55:57,compute00,1,1,/home/domrsfs/scratch,,"cpu=1,mem=14000M,node=1,billing=1",,,,unknown,2024-03-01T06:55:28,2024-03-01T06:55:28,0:0,130:0
229,luizfl(1023),luizfl(1023),palmeiras_nao_tem_mundial,COMPLETED,normal,1,2024-03-01T06:56:29,2024-03-01T06:56:34,compute01,1,4,/home/luizfl/scratch,,"cpu=4,mem=1G,node=1,billing=4",,,,unknown,2024-03-01T06:56:28,2024-03-01T06:56:28,0:0,0:0
228,domrsfs(1036),domrsfs(1036),meu_job,COMPLETED,normal,1,2024-03-01T06:56:02,2024-03-01T06:57:02,compute00,1,1,/home/domrsfs/scratch,,"cpu=1,mem=14000M,node=1,billing=1",,,,unknown,2024-03-01T06:56:02,2024-03-01T06:56:02,0:0,0:0
213,domrsfs(1036),domrsfs(1036),meu_job,CANCELLED,normal,60,2024-03-01T06:57:21,2024-03-01T06:57:21,(null),0,0,/home/domrsfs/scratch,,"cpu=1,mem=14000M,node=1,billing=1",,,,unknown,2024-03-01T06:44:56,2024-03-01T06:44:56,0:0,0:0
217,caiorp(1034),caiorp(1034),teste_job,CANCELLED,express,60,2024-03-01T06:57:24,2024-03-01T06:57:24,(null),0,0,/home/caiorp/scratch,,"cpu=1,mem=1G,node=1,billing=1",,,,unknown,2024-03-01T06:47:03,2024-03-01T06:47:03,0:0,0:0
224,pedrobb(1006),pedrobb(1006),teste_pbb,CANCELLED,express,2,2024-03-01T06:57:31,2024-03-01T06:57:31,(null),0,0,/home/pedrobb/scratch,,"cpu=1,mem=14000M,node=1,billing=1",,,,unknown,2024-03-01T06:52:06,2024-03-01T06:52:06,0:0,0:0
231,pedrobb(1006),pedrobb(1006),teste_pbb,CANCELLED,express,2,2024-03-01T06:57:36,2024-03-01T06:57:36,(null),0,0,/home/pedrobb/scratch,,"cpu=1,mem=14000M,node=1,billing=1",,,,unknown,2024-03-01T06:57:03,2024-03-01T06:57:03,0:0,0:0
230,lincolnrpm(1035),lincolnrpm(1035),hello_world,TIMEOUT,express,1,2024-03-01T06:56:32,2024-03-01T06:57:41,compute01,1,1,/home/lincolnrpm/scratch,,"cpu=1,mem=50M,node=1,billing=1",,,,unknown,2024-03-01T06:56:30,2024-03-01T06:56:30,0:0,0:0
233,andrebbm(1005),andrebbm(1005),HelloWorld,CANCELLED,normal,60,2024-03-01T06:58:15,2024-03-01T06:58:15,(null),0,0,/home/andrebbm,,"cpu=4,mem=4G,node=1,billing=4",,,,unknown,2024-03-01T06:57:57,2024-03-01T06:57:57,0:0,0:0
232,domrsfs(1036),domrsfs(1036),meu_job,COMPLETED,normal,1,2024-03-01T06:57:23,2024-03-01T06:58:23,compute00,1,1,/home/domrsfs/scratch,,"cpu=1,mem=14000M,node=1,billing=1",,,,unknown,2024-03-01T06:57:23,2024-03-01T06:57:23,0:0,0:0
235,pedrobb(1006),pedrobb(1006),teste_pbb,COMPLETED,normal,1,2024-03-01T06:58:44,2024-03-01T06:58:49,compute02,1,1,/home/pedrobb/scratch,,"cpu=1,mem=100M,node=1,billing=1",,,,unknown,2024-03-01T06:58:44,2024-03-01T06:58:44,0:0,0:0
238,luizfl(1023),luizfl(1023),primeiro,COMPLETED,normal,1,2024-03-01T06:59:30,2024-03-01T06:59:36,compute02,1,4,/home/luizfl/scratch,,"cpu=4,mem=1G,node=1,billing=4",,,,unknown,2024-03-01T06:59:29,2024-03-01T06:59:29,0:0,0:0
236,domrsfs(1036),domrsfs(1036),meu_job,COMPLETED,normal,1,2024-03-01T06:58:47,2024-03-01T06:59:47,compute03,1,1,/home/domrsfs/scratch,,"cpu=1,mem=14000M,node=1,billing=1",,,,unknown,2024-03-01T06:58:47,2024-03-01T06:58:47,0:0,0:0
239,pedrobb(1006),pedrobb(1006),teste_pbb,COMPLETED,normal,1,2024-03-01T06:59:48,2024-03-01T06:59:54,compute00,1,1,/home/pedrobb/scratch,,"cpu=1,mem=100M,node=1,billing=1",,,,unknown,2024-03-01T06:59:48,2024-03-01T06:59:48,0:0,0:0
241,pedrobb(1006),pedrobb(1006),teste_pbb,COMPLETED,normal,1,2024-03-01T07:00:09,2024-03-01T07:00:15,compute00,1,1,/home/pedrobb/scratch,,"cpu=1,mem=100M,node=1,billing=1",,,,unknown,2024-03-01T07:00:09,2024-03-01T07:00:09,0:0,0:0
237,domrsfs(1036),domrsfs(1036),meu_job,TIMEOUT,normal,1,2024-03-01T06:59:23,2024-03-01T07:00:24,compute01,1,1,/home/domrsfs/scratch,,"cpu=1,mem=14000M,node=1,billing=1",,,,unknown,2024-03-01T06:59:23,2024-03-01T06:59:23,0:0,0:0
242,pedrobb(1006),pedrobb(1006),teste_pbb,COMPLETED,normal,1,2024-03-01T07:00:29,2024-03-01T07:00:34,compute03,1,1,/home/pedrobb/scratch,,"cpu=1,mem=500M,node=1,billing=1",,,,unknown,2024-03-01T07:00:28,2024-03-01T07:00:28,0:0,0:0
244,luizfl(1023),luizfl(1023),primeiro,COMPLETED,normal,1,2024-03-01T07:00:38,2024-03-01T07:00:43,compute03,1,4,/home/luizfl/scratch,,"cpu=4,mem=1G,node=1,billing=4",,,,unknown,2024-03-01T07:00:35,2024-03-01T07:00:35,0:0,0:0
240,domrsfs(1036),domrsfs(1036),meu_job,TIMEOUT,normal,1,2024-03-01T06:59:48,2024-03-01T07:00:49,compute02,1,1,/home/domrsfs/scratch,,"cpu=1,mem=14000M,node=1,billing=1",,,,unknown,2024-03-01T06:59:48,2024-03-01T06:59:48,0:0,0:0
247,pedrobb(1006),pedrobb(1006),teste_pbb,COMPLETED,normal,2,2024-03-01T07:00:53,2024-03-01T07:00:58,compute03,1,1,/home/pedrobb/scratch,,"cpu=1,mem=500M,node=1,billing=1",,,,unknown,2024-03-01T07:00:50,2024-03-01T07:00:50,0:0,0:0
243,lincolnrpm(1035),lincolnrpm(1035),sleeps,TIMEOUT,express,1,2024-03-01T07:00:35,2024-03-01T07:01:41,compute03,1,1,/home/lincolnrpm/scratch,,"cpu=1,mem=500M,node=1,billing=1",,,,unknown,2024-03-01T07:00:34,2024-03-01T07:00:34,0:0,0:0
245,felipemt3(1039),felipemt3(1039),teste.cpp,TIMEOUT,normal,1,2024-03-01T07:00:47,2024-03-01T07:02:11,compute03,1,1,/home/felipemt3/scratch,,"cpu=1,mem=100M,node=1,billing=1",,,,unknown,2024-03-01T07:00:46,2024-03-01T07:00:46,0:0,0:0
246,caiobt1(1038),caiobt1(1038),teste_job,TIMEOUT,normal,1,2024-03-01T07:00:49,2024-03-01T07:02:11,compute00,1,1,/home/caiobt1/scratch,,"cpu=1,mem=14000M,node=1,billing=1",,,,unknown,2024-03-01T07:00:48,2024-03-01T07:00:48,0:0,0:0
249,domrsfs(1036),domrsfs(1036),meu_job,COMPLETED,normal,1,2024-03-01T07:01:33,2024-03-01T07:02:33,compute01,1,1,/home/domrsfs/scratch,,"cpu=1,mem=14000M,node=1,billing=1",,,,unknown,2024-03-01T07:01:32,2024-03-01T07:01:32,0:0,0:0
252,luizfl(1023),luizfl(1023),errado,COMPLETED,normal,1,2024-03-01T07:03:11,2024-03-01T07:03:16,compute03,1,4,/home/luizfl/scratch,,"cpu=4,mem=1G,node=1,billing=4",,,,unknown,2024-03-01T07:03:10,2024-03-01T07:03:10,0:0,0:0
248,pedrobb(1006),pedrobb(1006),teste_pbb,TIMEOUT,normal,2,2024-03-01T07:01:28,2024-03-01T07:03:31,compute03,1,1,/home/pedrobb/scratch,,"cpu=1,mem=500M,node=1,billing=1",,,,unknown,2024-03-01T07:01:25,2024-03-01T07:01:25,0:0,0:0
250,domrsfs(1036),domrsfs(1036),meu_job,COMPLETED,normal,1,2024-03-01T07:02:52,2024-03-01T07:03:52,compute00,1,1,/home/domrsfs/scratch,,"cpu=1,mem=14000M,node=1,billing=1",,,,unknown,2024-03-01T07:02:52,2024-03-01T07:02:52,0:0,0:0
251,lincolnrpm(1035),lincolnrpm(1035),sleeps,TIMEOUT,express,1,2024-03-01T07:03:02,2024-03-01T07:04:31,compute03,1,1,/home/lincolnrpm/scratch,,"cpu=1,mem=500M,node=1,billing=1",,,,unknown,2024-03-01T07:03:02,2024-03-01T07:03:02,0:0,0:0
254,caiobt1(1038),caiobt1(1038),teste_job,TIMEOUT,normal,1,2024-03-01T07:04:46,2024-03-01T07:06:01,compute00,1,1,/home/caiobt1/scratch,,"cpu=1,mem=14000M,node=1,billing=1",,,,unknown,2024-03-01T07:04:45,2024-03-01T07:04:45,0:0,0:0
255,felipemt3(1039),felipemt3(1039),teste.cpp,TIMEOUT,normal,1,2024-03-01T07:05:07,2024-03-01T07:06:31,compute01,1,1,/home/felipemt3/scratch,,"cpu=1,mem=100M,node=1,billing=1",,,,unknown,2024-03-01T07:05:06,2024-03-01T07:05:06,0:0,0:0
261,luizfl(1023),luizfl(1023),errado,COMPLETED,normal,1,2024-03-01T07:07:00,2024-03-01T07:07:06,compute01,1,4,/home/luizfl/scratch,,"cpu=4,mem=1G,node=1,billing=4",,,,unknown,2024-03-01T07:07:00,2024-03-01T07:07:00,0:0,0:0
262,lincolnrpm(1035),lincolnrpm(1035),sleeps.slurm,FAILED,normal,20,2024-03-01T07:07:12,2024-03-01T07:07:13,compute00,1,1,/home/lincolnrpm/scratch,,"cpu=1,mem=14000M,node=1,billing=1",,,,unknown,2024-03-01T07:07:12,2024-03-01T07:07:12,0:0,13:0
263,luizfl(1023),luizfl(1023),bash,COMPLETED,normal,20,2024-03-01T07:07:17,2024-03-01T07:08:22,compute00,1,1,/home/luizfl/scratch,,"cpu=1,mem=14000M,node=1,billing=1",,,,unknown,2024-03-01T07:07:17,2024-03-01T07:07:17,0:0,0:0
259,caiorp(1034),caiorp(1034),teste_job,TIMEOUT,express,2,2024-03-01T07:06:12,2024-03-01T07:08:31,compute01,1,1,/home/caiorp/scratch,,"cpu=1,mem=1G,node=1,billing=1",,,,unknown,2024-03-01T07:06:12,2024-03-01T07:06:12,0:0,0:0
264,domrsfs(1036),domrsfs(1036),meu_job,COMPLETED,normal,1,2024-03-01T07:07:46,2024-03-01T07:08:46,compute02,1,1,/home/domrsfs/scratch,,"cpu=1,mem=14000M,node=1,billing=1",,,,unknown,2024-03-01T07:07:46,2024-03-01T07:07:46,0:0,0:0
265,lincolnrpm(1035),lincolnrpm(1035),sleeps,TIMEOUT,express,1,2024-03-01T07:08:00,2024-03-01T07:09:01,compute01,1,1,/home/lincolnrpm/scratch,,"cpu=1,mem=500M,node=1,billing=1",,,,unknown,2024-03-01T07:07:59,2024-03-01T07:07:59,0:0,0:0
269,caiobt1(1038),caiobt1(1038),teste.sh,FAILED,normal,20,2024-03-01T07:10:29,2024-03-01T07:10:29,compute03,1,1,/home/caiobt1/scratch,,"cpu=1,mem=14000M,node=1,billing=1",,,,unknown,2024-03-01T07:10:29,2024-03-01T07:10:29,0:0,13:0
266,domrsfs(1036),domrsfs(1036),meu_job,COMPLETED,normal,1,2024-03-01T07:09:38,2024-03-01T07:10:38,compute00,1,1,/home/domrsfs/scratch,,"cpu=1,mem=14000M,node=1,billing=1",,,,unknown,2024-03-01T07:09:38,2024-03-01T07:09:38,0:0,0:0
270,lincolnrpm(1035),lincolnrpm(1035),sleeps,CANCELLED,express,1,2024-03-01T07:10:32,2024-03-01T07:11:02,compute02,1,1,/home/lincolnrpm/scratch,,"cpu=1,mem=500M,node=1,billing=1",,,,unknown,2024-03-01T07:10:31,2024-03-01T07:10:31,0:0,0:0
267,domrsfs(1036),domrsfs(1036),meu_job,COMPLETED,normal,1,2024-03-01T07:10:02,2024-03-01T07:11:02,compute01,1,1,/home/domrsfs/scratch,,"cpu=1,mem=14000M,node=1,billing=1",,,,unknown,2024-03-01T07:10:01,2024-03-01T07:10:01,0:0,0:0
271,domrsfs(1036),domrsfs(1036),meu_job,TIMEOUT,normal,1,2024-03-01T07:10:34,2024-03-01T07:11:54,compute03,1,1,/home/domrsfs/scratch,,"cpu=1,mem=14000M,node=1,billing=1",,,,unknown,2024-03-01T07:10:33,2024-03-01T07:10:33,0:0,0:0
268,pedrobb(1006),pedrobb(1006),teste_pbb,TIMEOUT,normal,2,2024-03-01T07:10:08,2024-03-01T07:12:31,compute02,1,1,/home/pedrobb/scratch,,"cpu=1,mem=500M,node=1,billing=1",,,,unknown,2024-03-01T07:10:07,2024-03-01T07:10:07,0:0,0:0
272,lincolnrpm(1035),lincolnrpm(1035),sleeps,TIMEOUT,normal,2,2024-03-01T07:11:56,2024-03-01T07:14:01,compute02,1,1,/home/lincolnrpm/scratch,,"cpu=1,mem=500M,node=1,billing=1",,,,unknown,2024-03-01T07:11:55,2024-03-01T07:11:55,0:0,0:0
274,felipemt3(1039),felipemt3(1039),teste,TIMEOUT,normal,1,2024-03-01T07:12:40,2024-03-01T07:14:01,compute02,1,1,/home/felipemt3/scratch,,"cpu=1,mem=100M,node=1,billing=1",,,,unknown,2024-03-01T07:12:40,2024-03-01T07:12:40,0:0,0:0
275,domrsfs(1036),domrsfs(1036),meu_job,COMPLETED,normal,2,2024-03-01T07:12:51,2024-03-01T07:14:11,compute00,1,1,/home/domrsfs/scratch,,"cpu=1,mem=14000M,node=1,billing=1",,,,unknown,2024-03-01T07:12:51,2024-03-01T07:12:51,0:0,0:0
278,luizfl(1023),luizfl(1023),errado,COMPLETED,normal,1,2024-03-01T07:14:11,2024-03-01T07:14:16,compute00,1,4,/home/luizfl/scratch,,"cpu=4,mem=1G,node=1,billing=4",,,,unknown,2024-03-01T07:13:46,2024-03-01T07:13:46,0:0,0:0
276,luizfl(1023),luizfl(1023),bash,FAILED,normal,20,2024-03-01T07:13:02,2024-03-01T07:14:18,compute01,1,1,/home/luizfl,,"cpu=1,mem=14000M,node=1,billing=1",,,,unknown,2024-03-01T07:13:02,2024-03-01T07:13:02,0:0,1:0
273,caiobt1(1038),caiobt1(1038),teste,CANCELLED,normal,20,2024-03-01T07:12:30,2024-03-01T07:14:24,compute03,1,1,/home/caiobt1/scratch,,"cpu=1,mem=14000M,node=1,billing=1",,,,unknown,2024-03-01T07:12:30,2024-03-01T07:12:30,0:0,0:0
280,caiobt1(1038),caiobt1(1038),teste,CANCELLED,normal,20,2024-03-01T07:14:44,2024-03-01T07:15:05,compute01,1,1,/home/caiobt1/scratch,,"cpu=1,mem=14000M,node=1,billing=1",,,,unknown,2024-03-01T07:14:44,2024-03-01T07:14:44,0:0,0:0
279,domrsfs(1036),domrsfs(1036),meu_job,TIMEOUT,normal,1,2024-03-01T07:14:16,2024-03-01T07:15:31,compute00,1,1,/home/domrsfs/scratch,,"cpu=1,mem=14000M,node=1,billing=1",,,,unknown,2024-03-01T07:13:51,2024-03-01T07:13:51,0:0,0:0
277,domrsfs(1036),domrsfs(1036),meu_job,COMPLETED,normal,2,2024-03-01T07:14:03,2024-03-01T07:16:03,compute02,1,1,/home/domrsfs/scratch,,"cpu=1,mem=14000M,node=1,billing=1",,,,unknown,2024-03-01T07:13:37,2024-03-01T07:13:37,0:0,0:0
281,luizfl(1023),luizfl(1023),errado,TIMEOUT,normal,1,2024-03-01T07:15:41,2024-03-01T07:17:01,compute03,1,4,/home/luizfl/scratch,,"cpu=4,mem=1G,node=1,billing=4",,,,unknown,2024-03-01T07:15:41,2024-03-01T07:15:41,0:0,0:0
283,caiobt1(1038),caiobt1(1038),teste,CANCELLED,express,5,Unknown,2024-03-01T07:17:26,(null),0,0,/home/caiobt1/scratch,,"cpu=1,mem=14000M,node=1,billing=1",,,,unknown,2024-03-01T07:17:03,2024-03-01T07:17:03,0:0,0:0
282,lincolnrpm(1035),lincolnrpm(1035),sleeps,TIMEOUT,normal,1,2024-03-01T07:16:45,2024-03-01T07:18:01,compute03,1,1,/home/lincolnrpm/scratch,,"cpu=1,mem=500M,node=1,billing=1",,,,unknown,2024-03-01T07:16:45,2024-03-01T07:16:45,0:0,0:0
286,lincolnrpm(1035),lincolnrpm(1035),sleeps,FAILED,normal,1,2024-03-01T07:17:57,2024-03-01T07:18:04,compute03,1,1,/home/lincolnrpm/scratch,,"cpu=1,mem=500M,node=1,billing=1",,,,unknown,2024-03-01T07:17:56,2024-03-01T07:17:56,0:0,0:9
285,domrsfs(1036),domrsfs(1036),meu_job,TIMEOUT,normal,1,2024-03-01T07:17:39,2024-03-01T07:19:01,compute00,1,1,/home/domrsfs/scratch,,"cpu=1,mem=14000M,node=1,billing=1",,,,unknown,2024-03-01T07:17:39,2024-03-01T07:17:39,0:0,0:0
287,domrsfs(1036),domrsfs(1036),meu_job,TIMEOUT,normal,1,2024-03-01T07:18:13,2024-03-01T07:19:31,compute01,1,1,/home/domrsfs/scratch,,"cpu=1,mem=14000M,node=1,billing=1",,,,unknown,2024-03-01T07:18:13,2024-03-01T07:18:13,0:0,0:0
288,lincolnrpm(1035),lincolnrpm(1035),sleeps,TIMEOUT,normal,1,2024-03-01T07:19:00,2024-03-01T07:20:01,compute02,1,1,/home/lincolnrpm/scratch,,"cpu=1,mem=500M,node=1,billing=1",,,,unknown,2024-03-01T07:18:59,2024-03-01T07:18:59,0:0,0:0
284,caiobt1(1038),caiobt1(1038),teste,CANCELLED,express,5,Unknown,2024-03-01T07:21:20,(null),0,0,/home/caiobt1/scratch,,"cpu=1,mem=14000M,node=1,billing=1",,,,unknown,2024-03-01T07:17:35,2024-03-01T07:17:35,0:0,0:0
289,domrsfs(1036),domrsfs(1036),meu_job,TIMEOUT,normal,1,2024-03-01T07:20:15,2024-03-01T07:21:31,compute00,1,1,/home/domrsfs/scratch,,"cpu=1,mem=14000M,node=1,billing=1",,,,unknown,2024-03-01T07:20:14,2024-03-01T07:20:14,0:0,0:0
292,caiobt1(1038),caiobt1(1038),teste,CANCELLED,express,5,Unknown,2024-03-01T07:22:19,(null),0,0,/home/caiobt1/scratch,,"cpu=1,mem=14000M,node=1,billing=1",,,,unknown,2024-03-01T07:21:47,2024-03-01T07:21:47,0:0,0:0
290,felipemt3(1039),felipemt3(1039),teste,CANCELLED,express,5,Unknown,2024-03-01T07:22:30,(null),0,0,/home/felipemt3/scratch,,"cpu=1,mem=14000M,node=1,billing=1",,,,unknown,2024-03-01T07:20:15,2024-03-01T07:20:15,0:0,0:0
293,caiobt1(1038),caiobt1(1038),teste,FAILED,normal,20,2024-03-01T07:22:24,2024-03-01T07:22:38,compute00,1,1,/home/caiobt1/scratch,,"cpu=1,mem=14000M,node=1,billing=1",,,,unknown,2024-03-01T07:22:23,2024-03-01T07:22:23,0:0,0:2
291,lincolnrpm(1035),lincolnrpm(1035),sleeps,TIMEOUT,normal,2,2024-03-01T07:21:22,2024-03-01T07:23:31,compute01,1,1,/home/lincolnrpm/scratch,,"cpu=1,mem=500M,node=1,billing=1",,,,unknown,2024-03-01T07:21:22,2024-03-01T07:21:22,0:0,0:0
295,caiobt1(1038),caiobt1(1038),teste,TIMEOUT,normal,1,2024-03-01T07:23:52,2024-03-01T07:25:01,compute01,1,1,/home/caiobt1/scratch,,"cpu=1,mem=14000M,node=1,billing=1",,,,unknown,2024-03-01T07:23:52,2024-03-01T07:23:52,0:0,0:0
294,felipemt3(1039),felipemt3(1039),teste,FAILED,normal,20,2024-03-01T07:23:00,2024-03-01T07:25:58,compute00,1,1,/home/felipemt3/scratch,,"cpu=1,mem=14000M,node=1,billing=1",,,,unknown,2024-03-01T07:23:00,2024-03-01T07:23:00,0:0,0:2
297,caiobt1(1038),caiobt1(1038),teste,FAILED,normal,1,2024-03-01T07:27:09,2024-03-01T07:27:10,compute01,1,1,/home/caiobt1/scratch,,"cpu=1,mem=14000M,node=1,billing=1",,,,unknown,2024-03-01T07:27:09,2024-03-01T07:27:09,0:0,0:2
296,felipemt3(1039),felipemt3(1039),teste,FAILED,normal,20,2024-03-01T07:26:55,2024-03-01T07:27:43,compute00,1,1,/home/felipemt3/scratch,,"cpu=1,mem=14000M,node=1,billing=1",,,,unknown,2024-03-01T07:26:55,2024-03-01T07:26:55,0:0,0:2
298,felipemt3(1039),felipemt3(1039),teste,COMPLETED,normal,20,2024-03-01T07:32:46,2024-03-01T07:32:46,compute00,1,1,/home/felipemt3/scratch,,"cpu=1,mem=14000M,node=1,billing=1",,,,unknown,2024-03-01T07:32:46,2024-03-01T07:32:46,0:0,0:0
300,felipemt3(1039),felipemt3(1039),teste,COMPLETED,normal,20,2024-03-01T07:34:13,2024-03-01T07:34:13,compute01,1,1,/home/felipemt3/scratch,,"cpu=1,mem=14000M,node=1,billing=1",,,,unknown,2024-03-01T07:34:13,2024-03-01T07:34:13,0:0,0:0
301,felipemt3(1039),felipemt3(1039),teste,COMPLETED,normal,20,2024-03-01T07:34:15,2024-03-01T07:34:16,compute01,1,1,/home/felipemt3/scratch,,"cpu=1,mem=14000M,node=1,billing=1",,,,unknown,2024-03-01T07:34:15,2024-03-01T07:34:15,0:0,0:0
299,luizfl(1023),luizfl(1023),bash,TIMEOUT,normal,20,2024-03-01T07:34:06,2024-03-01T07:54:31,compute00,1,1,/home/luizfl,,"cpu=1,mem=14000M,node=1,billing=1",,,,unknown,2024-03-01T07:34:06,2024-03-01T07:34:06,0:0,0:0
302,luizfl(1023),luizfl(1023),bash,COMPLETED,normal,20,2024-03-01T09:11:24,2024-03-01T09:11:47,compute00,1,1,/home/luizfl,,"cpu=1,mem=14000M,node=1,billing=1",,,,unknown,2024-03-01T09:11:24,2024-03-01T09:11:24,0:0,0:0
304,luizfl(1023),luizfl(1023),bash,COMPLETED,normal,20,2024-03-01T09:36:45,2024-03-01T09:37:57,compute00,1,1,/home/luizfl,,"cpu=1,mem=14000M,node=1,billing=1",,,,unknown,2024-03-01T09:36:45,2024-03-01T09:36:45,0:0,0:0
306,andreb10(1008),andreb10(1008),calculate_pi,CANCELLED,normal,30,2024-03-01T12:11:11,2024-03-01T12:11:11,(null),0,0,/home/andreb10/scratch,,"cpu=4,mem=2G,node=1,billing=4",,,,unknown,2024-03-01T12:09:36,2024-03-01T12:09:36,0:0,0:0
307,andreb10(1008),andreb10(1008),calculate_pi,CANCELLED,normal,30,2024-03-01T12:14:38,2024-03-01T12:14:38,(null),0,0,/home/andreb10/scratch,,"cpu=1,mem=4G,node=1,billing=1",,,,unknown,2024-03-01T12:11:40,2024-03-01T12:11:40,0:0,0:0
308,andreb10(1008),andreb10(1008),calculate_pi,COMPLETED,normal,15,2024-03-01T12:14:48,2024-03-01T12:15:01,compute00,1,1,/home/andreb10/scratch,,"cpu=1,mem=14000M,node=1,billing=1",,,,unknown,2024-03-01T12:14:48,2024-03-01T12:14:48,0:0,0:0
309,andreb10(1008),andreb10(1008),calculate_pi,CANCELLED,espec,60,2024-03-01T12:28:38,2024-03-01T12:28:38,(null),0,0,/home/andreb10/scratch,,"cpu=20,mem=14000M,node=1,billing=20",,,,unknown,2024-03-01T12:28:04,2024-03-01T12:28:04,0:0,0:0
311,andreb10(1008),andreb10(1008),calculate_pi,CANCELLED,normal,20,2024-03-01T12:30:31,2024-03-01T12:30:33,compute00,1,1,/home/andreb10/scratch,,"cpu=1,mem=14000M,node=1,billing=1",,,,unknown,2024-03-01T12:30:31,2024-03-01T12:30:31,0:0,0:0
314,rafaelek2(1022),rafaelek2(1022),hello_world,COMPLETED,express,5,2024-03-01T12:32:21,2024-03-01T12:32:21,compute01,1,1,/home/rafaelek2/scratch/aula1,,"cpu=1,mem=1G,node=1,billing=1",,,,unknown,2024-03-01T12:32:21,2024-03-01T12:32:21,0:0,0:0
313,andreb10(1008),andreb10(1008),bash,FAILED,normal,20,2024-03-01T12:30:57,2024-03-01T12:34:20,compute00,1,1,/home/andreb10/scratch,,"cpu=1,mem=14000M,node=1,billing=1",,,,unknown,2024-03-01T12:30:57,2024-03-01T12:30:57,0:0,130:0
310,andreb10(1008),andreb10(1008),calculate_pi,CANCELLED,espec,60,2024-03-01T12:34:38,2024-03-01T12:34:38,(null),0,0,/home/andreb10/scratch,,"cpu=20,mem=14000M,node=1,billing=20",,,,unknown,2024-03-01T12:28:52,2024-03-01T12:28:52,0:0,0:0
312,leonardofma(1018),leonardofma(1018),hello_world,CANCELLED,express,5,2024-03-01T12:34:46,2024-03-01T12:34:46,(null),0,0,/home/leonardofma/scratch,,"cpu=1,mem=14000M,node=1,billing=1",,,,unknown,2024-03-01T12:30:53,2024-03-01T12:30:53,0:0,0:0
316,rafaelek2(1022),rafaelek2(1022),hello_world.slurm,FAILED,normal,20,2024-03-01T12:35:58,2024-03-01T12:35:58,compute00,1,1,/home/rafaelek2/scratch/aula1,,"cpu=1,mem=14000M,node=1,billing=1",,,,unknown,2024-03-01T12:35:55,2024-03-01T12:35:55,0:0,13:0
317,lorrancml(1009),lorrancml(1009),hello,FAILED,express,5,2024-03-01T12:36:01,2024-03-01T12:36:01,compute00,1,1,/home/lorrancml/scratch/aula7,,"cpu=1,mem=1G,node=1,billing=1",,,,unknown,2024-03-01T12:35:59,2024-03-01T12:35:59,0:0,2:0
318,leonardofma(1018),leonardofma(1018),hello_world,COMPLETED,express,5,2024-03-01T12:36:28,2024-03-01T12:36:28,compute00,1,1,/home/leonardofma/scratch,,"cpu=1,mem=100M,node=1,billing=1",,,,unknown,2024-03-01T12:36:27,2024-03-01T12:36:27,0:0,0:0
315,andreb10(1008),andreb10(1008),calculate_pi,CANCELLED,espec,60,2024-03-01T12:36:40,2024-03-01T12:36:40,(null),0,0,/home/andreb10/scratch,,"cpu=20,mem=14000M,node=1,billing=20",,,,unknown,2024-03-01T12:35:54,2024-03-01T12:35:54,0:0,0:0
319,andreb10(1008),andreb10(1008),calculate_pi,CANCELLED,espec,60,2024-03-01T12:37:34,2024-03-01T12:37:34,(null),0,0,/home/andreb10/scratch,,"cpu=12,mem=14000M,node=1,billing=12",,,,unknown,2024-03-01T12:37:13,2024-03-01T12:37:13,0:0,0:0
321,andreb10(1008),andreb10(1008),calculate_pi,CANCELLED,espec,60,2024-03-01T12:37:48,2024-03-01T12:37:48,(null),0,0,/home/andreb10/scratch,,"cpu=12,mem=14000M,node=1,billing=12",,,,unknown,2024-03-01T12:37:37,2024-03-01T12:37:37,0:0,0:0
322,lorrancml(1009),lorrancml(1009),hello,FAILED,express,5,2024-03-01T12:37:51,2024-03-01T12:37:51,compute00,1,1,/home/lorrancml/scratch/aula7,,"cpu=1,mem=1G,node=1,billing=1",,,,unknown,2024-03-01T12:37:50,2024-03-01T12:37:50,0:0,2:0
324,rafaelek2(1022),rafaelek2(1022),hello_world.slurm,FAILED,normal,20,2024-03-01T12:38:13,2024-03-01T12:38:13,compute00,1,1,/home/rafaelek2/scratch/aula1,,"cpu=1,mem=14000M,node=1,billing=1",,,,unknown,2024-03-01T12:38:12,2024-03-01T12:38:12,0:0,13:0
323,andreb10(1008),andreb10(1008),calculate_pi,CANCELLED,espec,60,2024-03-01T12:38:44,2024-03-01T12:38:44,(null),0,0,/home/andreb10/scratch,,"cpu=1,mem=14000M,node=1,billing=1",,,,unknown,2024-03-01T12:37:57,2024-03-01T12:37:57,0:0,0:0
325,andreb10(1008),andreb10(1008),calculate_pi,COMPLETED,normal,1,2024-03-01T12:39:08,2024-03-01T12:39:21,compute00,1,1,/home/andreb10/scratch,,"cpu=1,mem=14000M,node=1,billing=1",,,,unknown,2024-03-01T12:39:07,2024-03-01T12:39:07,0:0,0:0
327,lorrancml(1009),lorrancml(1009),hello,COMPLETED,express,5,2024-03-01T12:40:17,2024-03-01T12:40:17,compute00,1,1,/home/lorrancml/scratch/aula7,,"cpu=1,mem=1G,node=1,billing=1",,,,unknown,2024-03-01T12:40:16,2024-03-01T12:40:16,0:0,0:0
329,rafaelek2(1022),rafaelek2(1022),hello_world.slurm,FAILED,normal,20,2024-03-01T12:41:07,2024-03-01T12:41:07,compute00,1,1,/home/rafaelek2/scratch/aula1,,"cpu=1,mem=14000M,node=1,billing=1",,,,unknown,2024-03-01T12:41:06,2024-03-01T12:41:06,0:0,13:0
330,rafaelek2(1022),rafaelek2(1022),hello_world,COMPLETED,express,5,2024-03-01T12:41:23,2024-03-01T12:41:23,compute00,1,1,/home/rafaelek2/scratch/aula1,,"cpu=1,mem=1G,node=1,billing=1",,,,unknown,2024-03-01T12:41:22,2024-03-01T12:41:22,0:0,0:0
331,arthurmsb(1030),arthurmsb(1030),profile,COMPLETED,normal,20,2024-03-01T12:42:18,2024-03-01T12:42:21,compute00,1,1,/home/arthurmsb/scratch/aula_04,,"cpu=1,mem=512M,node=1,billing=1",,,,unknown,2024-03-01T12:42:18,2024-03-01T12:42:18,0:0,0:0
332,lorrancml(1009),lorrancml(1009),condicionais.slurm,FAILED,normal,20,2024-03-01T12:43:07,2024-03-01T12:43:07,compute00,1,1,/home/lorrancml/scratch/aula7,,"cpu=1,mem=14000M,node=1,billing=1",,,,unknown,2024-03-01T12:43:04,2024-03-01T12:43:04,0:0,13:0
326,andreb10(1008),andreb10(1008),calculate_pi,CANCELLED,espec,1,2024-03-01T12:43:26,2024-03-01T12:43:26,(null),0,0,/home/andreb10/scratch,,"cpu=1,mem=14000M,node=1,billing=1",,,,unknown,2024-03-01T12:39:47,2024-03-01T12:39:47,0:0,0:0
334,rafaelek2(1022),rafaelek2(1022),segfault,FAILED,express,5,2024-03-01T12:43:44,2024-03-01T12:43:44,compute00,1,1,/home/rafaelek2/scratch/aula1,,"cpu=1,mem=1G,node=1,billing=1",,,,unknown,2024-03-01T12:43:44,2024-03-01T12:43:44,0:0,139:0
333,andreb10(1008),andreb10(1008),calculate_pi,COMPLETED,normal,1,2024-03-01T12:43:31,2024-03-01T12:43:44,compute00,1,1,/home/andreb10/scratch,,"cpu=1,mem=8G,node=1,billing=1",,,,unknown,2024-03-01T12:43:30,2024-03-01T12:43:30,0:0,0:0
335,lorrancml(1009),lorrancml(1009),condicionais,COMPLETED,express,5,2024-03-01T12:43:48,2024-03-01T12:43:48,compute00,1,1,/home/lorrancml/scratch/aula7,,"cpu=1,mem=1G,node=1,billing=1",,,,unknown,2024-03-01T12:43:48,2024-03-01T12:43:48,0:0,0:0
320,arthurmsb(1030),arthurmsb(1030),profile,CANCELLED,express,5,2024-03-01T12:44:10,2024-03-01T12:44:10,(null),0,0,/home/arthurmsb/scratch/aula_04,,"cpu=2,mem=1G,node=2,billing=2",,,,unknown,2024-03-01T12:37:14,2024-03-01T12:37:14,0:0,0:0
336,andreb10(1008),andreb10(1008),calculate_pi,COMPLETED,espec,1,2024-03-01T12:44:32,2024-03-01T12:44:45,compute00,1,1,/home/andreb10/scratch,,"cpu=1,mem=8G,node=1,billing=1",,,,unknown,2024-03-01T12:44:32,2024-03-01T12:44:32,0:0,0:0
337,lorrancml(1009),lorrancml(1009),condicionais,COMPLETED,express,5,2024-03-01T12:45:25,2024-03-01T12:45:26,compute00,1,1,/home/lorrancml/scratch/aula7,,"cpu=1,mem=1G,node=1,billing=1",,,,unknown,2024-03-01T12:45:25,2024-03-01T12:45:25,0:0,0:0
338,rafaelek2(1022),rafaelek2(1022),vec.slurm,FAILED,normal,20,2024-03-01T12:46:17,2024-03-01T12:46:17,compute00,1,1,/home/rafaelek2/scratch/aula2,,"cpu=1,mem=14000M,node=1,billing=1",,,,unknown,2024-03-01T12:46:17,2024-03-01T12:46:17,0:0,13:0
339,rafaelek2(1022),rafaelek2(1022),vec.slurm,FAILED,normal,20,2024-03-01T12:46:29,2024-03-01T12:46:29,compute00,1,1,/home/rafaelek2/scratch/aula2,,"cpu=1,mem=14000M,node=1,billing=1",,,,unknown,2024-03-01T12:46:29,2024-03-01T12:46:29,0:0,13:0
340,lorrancml(1009),lorrancml(1009),condicionais,COMPLETED,normal,20,2024-03-01T12:46:41,2024-03-01T12:46:41,compute00,1,1,/home/lorrancml/scratch/aula7,,"cpu=1,mem=1G,node=1,billing=1",,,,unknown,2024-03-01T12:46:40,2024-03-01T12:46:40,0:0,0:0
341,rafaelek2(1022),rafaelek2(1022),vec.slurm,FAILED,normal,20,2024-03-01T12:46:46,2024-03-01T12:46:46,compute00,1,1,/home/rafaelek2/scratch/aula2,,"cpu=1,mem=14000M,node=1,billing=1",,,,unknown,2024-03-01T12:46:46,2024-03-01T12:46:46,0:0,13:0
342,lorrancml(1009),lorrancml(1009),condicionais.slurm,FAILED,normal,20,2024-03-01T12:46:59,2024-03-01T12:46:59,compute00,1,1,/home/lorrancml/scratch/aula7,,"cpu=1,mem=14000M,node=1,billing=1",,,,unknown,2024-03-01T12:46:59,2024-03-01T12:46:59,0:0,13:0
343,rafaelek2(1022),rafaelek2(1022),vec.slurm,FAILED,normal,20,2024-03-01T12:47:04,2024-03-01T12:47:04,compute00,1,1,/home/rafaelek2/scratch/aula2,,"cpu=1,mem=14000M,node=1,billing=1",,,,unknown,2024-03-01T12:47:04,2024-03-01T12:47:04,0:0,13:0
344,lorrancml(1009),lorrancml(1009),hello.slurm,FAILED,normal,20,2024-03-01T12:47:09,2024-03-01T12:47:09,compute00,1,1,/home/lorrancml/scratch/aula7,,"cpu=1,mem=14000M,node=1,billing=1",,,,unknown,2024-03-01T12:47:09,2024-03-01T12:47:09,0:0,13:0
345,arthurmsb(1030),arthurmsb(1030),bash,COMPLETED,normal,20,2024-03-01T12:47:27,2024-03-01T12:48:27,compute00,1,1,/home/arthurmsb/scratch/aula_04,,"cpu=1,mem=14000M,node=1,billing=1",,,,unknown,2024-03-01T12:47:27,2024-03-01T12:47:27,0:0,0:0
347,rafaelek2(1022),rafaelek2(1022),bash,COMPLETED,normal,20,2024-03-01T12:53:29,2024-03-01T12:54:13,compute01,1,1,/home/rafaelek2/scratch/aula2,,"cpu=1,mem=14000M,node=1,billing=1",,,,unknown,2024-03-01T12:53:29,2024-03-01T12:53:29,0:0,0:0
348,andreb10(1008),andreb10(1008),calculate_pi,COMPLETED,espec,60,2024-03-01T12:58:40,2024-03-01T12:59:06,compute01,1,1,/home/andreb10/scratch,,"cpu=1,mem=8G,node=1,billing=1",,,,unknown,2024-03-01T12:58:39,2024-03-01T12:58:39,0:0,0:0
328,arthurmsb(1030),arthurmsb(1030),profile,CANCELLED,normal,20,2024-03-01T13:01:20,2024-03-01T13:01:20,(null),0,0,/home/arthurmsb/scratch/aula_04,,"cpu=2,mem=1G,node=2,billing=2",,,,unknown,2024-03-01T12:40:55,2024-03-01T12:40:55,0:0,0:0
346,lorrancml(1009),lorrancml(1009),bash,COMPLETED,normal,20,2024-03-01T12:49:19,2024-03-01T13:01:34,compute00,1,1,/home/lorrancml/scratch/aula7,,"cpu=1,mem=14000M,node=1,billing=1",,,,unknown,2024-03-01T12:49:19,2024-03-01T12:49:19,0:0,0:0
349,rafaelek2(1022),rafaelek2(1022),sleep,CANCELLED,express,5,2024-03-01T13:01:03,2024-03-01T13:02:07,compute01,1,1,/home/rafaelek2/scratch/aula4,,"cpu=1,mem=1G,node=1,billing=1",,,,unknown,2024-03-01T13:01:03,2024-03-01T13:01:03,0:0,0:0
350,lorrancml(1009),lorrancml(1009),bash,COMPLETED,normal,20,2024-03-01T13:02:15,2024-03-01T13:07:18,compute00,1,1,/home/lorrancml/scratch/aula7,,"cpu=1,mem=14000M,node=1,billing=1",,,,unknown,2024-03-01T13:02:15,2024-03-01T13:02:15,0:0,0:0
351,lorrancml(1009),lorrancml(1009),hello,COMPLETED,express,5,2024-03-01T13:07:46,2024-03-01T13:07:46,compute00,1,1,/home/lorrancml/scratch/aula7,,"cpu=1,mem=1G,node=1,billing=1",,,,unknown,2024-03-01T13:07:45,2024-03-01T13:07:45,0:0,0:0
352,lorrancml(1009),lorrancml(1009),bash,COMPLETED,normal,20,2024-03-01T13:07:57,2024-03-01T13:08:30,compute00,1,1,/home/lorrancml/scratch/aula7,,"cpu=1,mem=14000M,node=1,billing=1",,,,unknown,2024-03-01T13:07:57,2024-03-01T13:07:57,0:0,0:0
353,lorrancml(1009),lorrancml(1009),bash,FAILED,normal,20,2024-03-01T13:08:59,2024-03-01T13:10:54,compute00,1,1,/home/lorrancml/scratch/aula7,,"cpu=1,mem=14000M,node=1,billing=1",,,,unknown,2024-03-01T13:08:59,2024-03-01T13:08:59,0:0,127:0
354,leonardofma(1018),leonardofma(1018),pi,COMPLETED,normal,20,2024-03-01T13:11:19,2024-03-01T13:11:20,compute00,1,1,/home/leonardofma/scratch,,"cpu=1,mem=1G,node=1,billing=1",,,,unknown,2024-03-01T13:11:19,2024-03-01T13:11:19,0:0,0:0
356,lorrancml(1009),lorrancml(1009),hello,COMPLETED,express,5,2024-03-01T13:12:26,2024-03-01T13:12:26,compute00,1,1,/home/lorrancml/scratch/aula7,,"cpu=1,mem=1G,node=1,billing=1",,,,unknown,2024-03-01T13:12:25,2024-03-01T13:12:25,0:0,0:0
355,arthurmsb(1030),arthurmsb(1030),sleep,TIMEOUT,express,5,2024-03-01T13:11:32,2024-03-01T13:16:35,compute00,1,1,/home/arthurmsb/scratch/aula_04,,"cpu=1,mem=128M,node=1,billing=1",,,,unknown,2024-03-01T13:11:32,2024-03-01T13:11:32,0:0,0:0
357,arthurmsb(1030),arthurmsb(1030),sleep,CANCELLED,express,5,2024-03-01T13:14:27,2024-03-01T13:17:14,compute00,1,1,/home/arthurmsb/scratch/aula_04,,"cpu=1,mem=128M,node=1,billing=1",,,,unknown,2024-03-01T13:14:26,2024-03-01T13:14:26,0:0,0:0
358,marcosvs3(1040),marcosvs3(1040),bash,COMPLETED,normal,20,2024-03-01T13:21:43,2024-03-01T13:24:21,compute00,1,1,/home/marcosvs3/scratch/aula05,,"cpu=1,mem=14000M,node=1,billing=1",,,,unknown,2024-03-01T13:21:43,2024-03-01T13:21:43,0:0,0:0
359,marcosvs3(1040),marcosvs3(1040),hello,FAILED,express,5,2024-03-01T13:28:43,2024-03-01T13:28:43,compute00,1,1,/home/marcosvs3/scratch/aula05,,"cpu=1,mem=1G,node=1,billing=1",,,,unknown,2024-03-01T13:28:43,2024-03-01T13:28:43,0:0,2:0
360,marcosvs3(1040),marcosvs3(1040),bash,COMPLETED,normal,20,2024-03-01T13:30:02,2024-03-01T13:30:29,compute00,1,1,/home/marcosvs3/scratch/aula05,,"cpu=1,mem=14000M,node=1,billing=1",,,,unknown,2024-03-01T13:30:02,2024-03-01T13:30:02,0:0,0:0
361,marcosvs3(1040),marcosvs3(1040),hello,COMPLETED,express,5,2024-03-01T13:31:04,2024-03-01T13:31:05,compute00,1,1,/home/marcosvs3/scratch/aula05,,"cpu=1,mem=1G,node=1,billing=1",,,,unknown,2024-03-01T13:31:04,2024-03-01T13:31:04,0:0,0:0
363,andreb10(1008),andreb10(1008),knapsack_jobs,FAILED,express,1,2024-03-05T09:32:26,2024-03-05T09:32:26,compute00,1,1,/home/andreb10/scratch/kpack,,"cpu=1,mem=1000M,node=1,billing=1",,,,unknown,2024-03-05T09:32:26,2024-03-05T09:32:26,0:0,127:0
362,andreb10(1008),andreb10(1008),knapsack_jobs,FAILED,express,1,2024-03-05T09:32:26,2024-03-05T09:32:26,compute00,1,1,/home/andreb10/scratch/kpack,,"cpu=1,mem=1000M,node=1,billing=1",,,,unknown,2024-03-05T09:32:26,2024-03-05T09:32:26,0:0,127:0
364,andreb10(1008),andreb10(1008),knapsack_jobs,FAILED,express,1,2024-03-05T09:32:54,2024-03-05T09:32:54,compute00,1,1,/home/andreb10/scratch/kpack,,"cpu=1,mem=1000M,node=1,billing=1",,,,unknown,2024-03-05T09:32:53,2024-03-05T09:32:54,0:0,255:0
365,andreb10(1008),andreb10(1008),knapsack_jobs,FAILED,express,1,2024-03-05T09:32:54,2024-03-05T09:32:54,compute00,1,1,/home/andreb10/scratch/kpack,,"cpu=1,mem=1000M,node=1,billing=1",,,,unknown,2024-03-05T09:32:53,2024-03-05T09:32:54,0:0,255:0
367,andreb10(1008),andreb10(1008),knapsack_jobs,COMPLETED,express,1,2024-03-05T09:33:13,2024-03-05T09:33:13,compute00,1,1,/home/andreb10/scratch/kpack,,"cpu=1,mem=1000M,node=1,billing=1",,,,unknown,2024-03-05T09:33:12,2024-03-05T09:33:13,0:0,0:0
366,andreb10(1008),andreb10(1008),knapsack_jobs,COMPLETED,express,1,2024-03-05T09:33:13,2024-03-05T09:33:13,compute00,1,1,/home/andreb10/scratch/kpack,,"cpu=1,mem=1000M,node=1,billing=1",,,,unknown,2024-03-05T09:33:12,2024-03-05T09:33:13,0:0,0:0
368,andreb10(1008),andreb10(1008),knapsack_jobs,COMPLETED,express,1,2024-03-05T09:34:06,2024-03-05T09:34:06,compute00,1,1,/home/andreb10/scratch/kpack,,"cpu=1,mem=1000M,node=1,billing=1",,,,unknown,2024-03-05T09:34:06,2024-03-05T09:34:06,0:0,0:0
369,andreb10(1008),andreb10(1008),knapsack_jobs,COMPLETED,express,1,2024-03-05T09:34:06,2024-03-05T09:34:06,compute00,1,1,/home/andreb10/scratch/kpack,,"cpu=1,mem=1000M,node=1,billing=1",,,,unknown,2024-03-05T09:34:06,2024-03-05T09:34:06,0:0,0:0
370,lorrancml(1009),lorrancml(1009),mais_caro,COMPLETED,express,5,2024-03-05T09:34:16,2024-03-05T09:34:17,compute00,1,1,/home/lorrancml/scratch/aula8,,"cpu=1,mem=1G,node=1,billing=1",,,,unknown,2024-03-05T09:34:16,2024-03-05T09:34:16,0:0,0:0
372,andreb10(1008),andreb10(1008),knapsack_jobs,COMPLETED,express,1,2024-03-05T09:34:24,2024-03-05T09:34:25,compute00,1,1,/home/andreb10/scratch/kpack,,"cpu=1,mem=1000M,node=1,billing=1",,,,unknown,2024-03-05T09:34:24,2024-03-05T09:34:24,0:0,0:0
371,andreb10(1008),andreb10(1008),knapsack_jobs,COMPLETED,express,1,2024-03-05T09:34:24,2024-03-05T09:34:25,compute00,1,1,/home/andreb10/scratch/kpack,,"cpu=1,mem=1000M,node=1,billing=1",,,,unknown,2024-03-05T09:34:24,2024-03-05T09:34:24,0:0,0:0
374,andreb10(1008),andreb10(1008),knapsack_jobs,COMPLETED,express,1,2024-03-05T09:35:19,2024-03-05T09:35:19,compute00,1,1,/home/andreb10/scratch/kpack,,"cpu=1,mem=1000M,node=1,billing=1",,,,unknown,2024-03-05T09:35:18,2024-03-05T09:35:19,0:0,0:0
375,andreb10(1008),andreb10(1008),knapsack_jobs,COMPLETED,express,1,2024-03-05T09:35:19,2024-03-05T09:35:19,compute00,1,1,/home/andreb10/scratch/kpack,,"cpu=1,mem=1000M,node=1,billing=1",,,,unknown,2024-03-05T09:35:18,2024-03-05T09:35:19,0:0,0:0
373,andreb10(1008),andreb10(1008),knapsack_jobs,COMPLETED,express,1,2024-03-05T09:35:19,2024-03-05T09:35:19,compute00,1,1,/home/andreb10/scratch/kpack,,"cpu=1,mem=1000M,node=1,billing=1",,,,unknown,2024-03-05T09:35:18,2024-03-05T09:35:19,0:0,0:0
376,andreb10(1008),andreb10(1008),knapsack_jobs,COMPLETED,express,1,2024-03-05T09:35:19,2024-03-05T09:35:19,compute00,1,1,/home/andreb10/scratch/kpack,,"cpu=1,mem=1000M,node=1,billing=1",,,,unknown,2024-03-05T09:35:18,2024-03-05T09:35:19,0:0,0:0
378,andreb10(1008),andreb10(1008),knapsack_jobs,COMPLETED,express,1,2024-03-05T09:35:41,2024-03-05T09:35:41,compute00,1,1,/home/andreb10/scratch/kpack,,"cpu=1,mem=1000M,node=1,billing=1",,,,unknown,2024-03-05T09:35:40,2024-03-05T09:35:41,0:0,0:0
377,andreb10(1008),andreb10(1008),knapsack_jobs,COMPLETED,express,1,2024-03-05T09:35:41,2024-03-05T09:35:41,compute00,1,1,/home/andreb10/scratch/kpack,,"cpu=1,mem=1000M,node=1,billing=1",,,,unknown,2024-03-05T09:35:40,2024-03-05T09:35:41,0:0,0:0
379,andreb10(1008),andreb10(1008),knapsack_jobs,COMPLETED,express,1,2024-03-05T09:35:41,2024-03-05T09:35:41,compute00,1,1,/home/andreb10/scratch/kpack,,"cpu=1,mem=1000M,node=1,billing=1",,,,unknown,2024-03-05T09:35:40,2024-03-05T09:35:41,0:0,0:0
380,andreb10(1008),andreb10(1008),knapsack_jobs,COMPLETED,express,1,2024-03-05T09:35:41,2024-03-05T09:35:41,compute00,1,1,/home/andreb10/scratch/kpack,,"cpu=1,mem=1000M,node=1,billing=1",,,,unknown,2024-03-05T09:35:40,2024-03-05T09:35:41,0:0,0:0
382,andreb10(1008),andreb10(1008),knapsack_jobs,COMPLETED,express,1,2024-03-05T09:36:21,2024-03-05T09:36:21,compute00,1,1,/home/andreb10/scratch/kpack,,"cpu=1,mem=1000M,node=1,billing=1",,,,unknown,2024-03-05T09:36:21,2024-03-05T09:36:21,0:0,0:0
383,andreb10(1008),andreb10(1008),knapsack_jobs,COMPLETED,express,1,2024-03-05T09:36:21,2024-03-05T09:36:21,compute00,1,1,/home/andreb10/scratch/kpack,,"cpu=1,mem=1000M,node=1,billing=1",,,,unknown,2024-03-05T09:36:21,2024-03-05T09:36:21,0:0,0:0
384,andreb10(1008),andreb10(1008),knapsack_jobs,COMPLETED,express,1,2024-03-05T09:36:21,2024-03-05T09:36:21,compute00,1,1,/home/andreb10/scratch/kpack,,"cpu=1,mem=1000M,node=1,billing=1",,,,unknown,2024-03-05T09:36:21,2024-03-05T09:36:21,0:0,0:0
381,andreb10(1008),andreb10(1008),knapsack_jobs,COMPLETED,express,1,2024-03-05T09:36:21,2024-03-05T09:36:21,compute00,1,1,/home/andreb10/scratch/kpack,,"cpu=1,mem=1000M,node=1,billing=1",,,,unknown,2024-03-05T09:36:21,2024-03-05T09:36:21,0:0,0:0
385,lorrancml(1009),lorrancml(1009),mais_caro,COMPLETED,express,5,2024-03-05T09:36:46,2024-03-05T09:36:46,compute00,1,1,/home/lorrancml/scratch/aula8,,"cpu=1,mem=1G,node=1,billing=1",,,,unknown,2024-03-05T09:36:45,2024-03-05T09:36:45,0:0,0:0
387,andreb10(1008),andreb10(1008),knapsack_jobs,COMPLETED,express,1,2024-03-05T09:36:49,2024-03-05T09:36:49,compute00,1,1,/home/andreb10/scratch/kpack,,"cpu=1,mem=1000M,node=1,billing=1",,,,unknown,2024-03-05T09:36:48,2024-03-05T09:36:49,0:0,0:0
388,andreb10(1008),andreb10(1008),knapsack_jobs,COMPLETED,express,1,2024-03-05T09:36:49,2024-03-05T09:36:49,compute00,1,1,/home/andreb10/scratch/kpack,,"cpu=1,mem=1000M,node=1,billing=1",,,,unknown,2024-03-05T09:36:48,2024-03-05T09:36:49,0:0,0:0
386,andreb10(1008),andreb10(1008),knapsack_jobs,COMPLETED,express,1,2024-03-05T09:36:49,2024-03-05T09:36:49,compute00,1,1,/home/andreb10/scratch/kpack,,"cpu=1,mem=1000M,node=1,billing=1",,,,unknown,2024-03-05T09:36:48,2024-03-05T09:36:49,0:0,0:0
389,andreb10(1008),andreb10(1008),knapsack_jobs,COMPLETED,express,1,2024-03-05T09:36:49,2024-03-05T09:36:49,compute00,1,1,/home/andreb10/scratch/kpack,,"cpu=1,mem=1000M,node=1,billing=1",,,,unknown,2024-03-05T09:36:48,2024-03-05T09:36:49,0:0,0:0
390,lorrancml(1009),lorrancml(1009),mais_caro,COMPLETED,express,5,2024-03-05T09:37:55,2024-03-05T09:37:55,compute00,1,1,/home/lorrancml/scratch/aula8,,"cpu=1,mem=1G,node=1,billing=1",,,,unknown,2024-03-05T09:37:54,2024-03-05T09:37:54,0:0,0:0
391,lorrancml(1009),lorrancml(1009),mais_caro,FAILED,express,5,2024-03-05T09:39:42,2024-03-05T09:39:42,compute00,1,1,/home/lorrancml/scratch/aula8,,"cpu=1,mem=1G,node=1,billing=1",,,,unknown,2024-03-05T09:39:41,2024-03-05T09:39:41,0:0,1:0
392,lorrancml(1009),lorrancml(1009),mais_caro,COMPLETED,express,5,2024-03-05T09:40:00,2024-03-05T09:40:00,compute00,1,1,/home/lorrancml/scratch/aula8,,"cpu=1,mem=1G,node=1,billing=1",,,,unknown,2024-03-05T09:40:00,2024-03-05T09:40:00,0:0,0:0
393,marcosvs3(1040),marcosvs3(1040),bash,COMPLETED,normal,20,2024-03-05T09:48:12,2024-03-05T09:49:40,compute00,1,1,/home/marcosvs3/scratch/aula05,,"cpu=1,mem=14000M,node=1,billing=1",,,,unknown,2024-03-05T09:48:12,2024-03-05T09:48:12,0:0,0:0
394,marcosvs3(1040),marcosvs3(1040),bash,COMPLETED,normal,20,2024-03-05T09:50:23,2024-03-05T09:53:19,compute00,1,1,/home/marcosvs3/scratch/aula06,,"cpu=1,mem=14000M,node=1,billing=1",,,,unknown,2024-03-05T09:50:23,2024-03-05T09:50:23,0:0,0:0
395,marcosvs3(1040),marcosvs3(1040),mochila_maisleve,COMPLETED,express,5,2024-03-05T09:57:11,2024-03-05T09:57:11,compute00,1,1,/home/marcosvs3/scratch/aula06,,"cpu=1,mem=1G,node=1,billing=1",,,,unknown,2024-03-05T09:57:11,2024-03-05T09:57:11,0:0,0:0
396,marcosvs3(1040),marcosvs3(1040),mochila_maisleve,COMPLETED,express,5,2024-03-05T09:57:49,2024-03-05T09:57:49,compute00,1,1,/home/marcosvs3/scratch/aula06,,"cpu=1,mem=1G,node=1,billing=1",,,,unknown,2024-03-05T09:57:48,2024-03-05T09:57:48,0:0,0:0
398,victorlga(1029),victorlga(1029),knapsack_08_ex1,FAILED,normal,20,2024-03-12T09:57:25,2024-03-12T09:57:25,compute03,1,1,/home/victorlga/scratch/supercomp/08,,"cpu=1,mem=1M,node=1,billing=1",,,,unknown,2024-03-12T09:57:25,2024-03-12T09:57:25,0:0,127:0
399,victorlga(1029),victorlga(1029),knapsack_08_ex1,FAILED,normal,20,2024-03-12T09:58:19,2024-03-12T09:58:19,compute03,1,1,/home/victorlga/scratch/supercomp/08,,"cpu=1,mem=1M,node=1,billing=1",,,,unknown,2024-03-12T09:58:19,2024-03-12T09:58:19,0:0,127:0
400,victorlga(1029),victorlga(1029),knapsack_08_ex1,FAILED,normal,20,2024-03-12T09:58:53,2024-03-12T09:58:53,compute03,1,1,/home/victorlga/scratch/supercomp/08,,"cpu=1,mem=1M,node=1,billing=1",,,,unknown,2024-03-12T09:58:53,2024-03-12T09:58:53,0:0,1:0
401,victorlga(1029),victorlga(1029),knapsack_08_ex1,COMPLETED,normal,20,2024-03-12T09:59:34,2024-03-12T09:59:34,compute03,1,1,/home/victorlga/scratch/supercomp/08,,"cpu=1,mem=1M,node=1,billing=1",,,,unknown,2024-03-12T09:59:33,2024-03-12T09:59:33,0:0,0:0
402,victorlga(1029),victorlga(1029),knapsack_08_ex1,FAILED,normal,20,2024-03-12T09:59:58,2024-03-12T09:59:58,compute03,1,1,/home/victorlga/scratch/supercomp/08,,"cpu=1,mem=1M,node=1,billing=1",,,,unknown,2024-03-12T09:59:57,2024-03-12T09:59:57,0:0,1:0
403,victorlga(1029),victorlga(1029),knapsack_08_ex1,FAILED,normal,20,2024-03-12T10:00:51,2024-03-12T10:00:52,compute03,1,1,/home/victorlga/scratch/supercomp/08,,"cpu=1,mem=1M,node=1,billing=1",,,,unknown,2024-03-12T10:00:51,2024-03-12T10:00:51,0:0,1:0
404,victorlga(1029),victorlga(1029),knapsack_08_ex1,COMPLETED,normal,20,2024-03-12T10:02:18,2024-03-12T10:02:18,compute03,1,1,/home/victorlga/scratch/supercomp/08,,"cpu=1,mem=1M,node=1,billing=1",,,,unknown,2024-03-12T10:02:17,2024-03-12T10:02:17,0:0,0:0
405,victorlga(1029),victorlga(1029),knapsack_08_ex1,FAILED,normal,20,2024-03-12T10:03:36,2024-03-12T10:03:36,compute03,1,1,/home/victorlga/scratch/supercomp/08,,"cpu=1,mem=1M,node=1,billing=1",,,,unknown,2024-03-12T10:03:35,2024-03-12T10:03:35,0:0,1:0
406,victorlga(1029),victorlga(1029),knapsack_08_ex1,COMPLETED,normal,20,2024-03-12T10:03:58,2024-03-12T10:03:58,compute03,1,1,/home/victorlga/scratch/supercomp/08,,"cpu=1,mem=1M,node=1,billing=1",,,,unknown,2024-03-12T10:03:58,2024-03-12T10:03:58,0:0,0:0
407,victorlga(1029),victorlga(1029),knapsack_08_ex1,FAILED,normal,20,2024-03-12T10:04:47,2024-03-12T10:04:47,compute03,1,1,/home/victorlga/scratch/supercomp/08,,"cpu=1,mem=1M,node=1,billing=1",,,,unknown,2024-03-12T10:04:46,2024-03-12T10:04:46,0:0,127:0
408,victorlga(1029),victorlga(1029),knapsack_08_ex1,COMPLETED,normal,20,2024-03-12T10:05:02,2024-03-12T10:05:02,compute03,1,1,/home/victorlga/scratch/supercomp/08,,"cpu=1,mem=1M,node=1,billing=1",,,,unknown,2024-03-12T10:05:02,2024-03-12T10:05:02,0:0,0:0
409,victorlga(1029),victorlga(1029),knapsack_08_ex1,COMPLETED,normal,20,2024-03-12T10:05:21,2024-03-12T10:05:21,compute03,1,1,/home/victorlga/scratch/supercomp/08,,"cpu=1,mem=1M,node=1,billing=1",,,,unknown,2024-03-12T10:05:20,2024-03-12T10:05:20,0:0,0:0
410,victorlga(1029),victorlga(1029),knapsack_08_ex1,COMPLETED,normal,20,2024-03-12T10:05:51,2024-03-12T10:05:51,compute03,1,1,/home/victorlga/scratch/supercomp/08,,"cpu=1,mem=1M,node=1,billing=1",,,,unknown,2024-03-12T10:05:50,2024-03-12T10:05:50,0:0,0:0
411,victorlga(1029),victorlga(1029),knapsack_08_ex2,COMPLETED,normal,20,2024-03-12T10:11:25,2024-03-12T10:11:26,compute03,1,1,/home/victorlga/scratch/supercomp/08,,"cpu=1,mem=1M,node=1,billing=1",,,,unknown,2024-03-12T10:11:25,2024-03-12T10:11:25,0:0,0:0
412,victorlga(1029),victorlga(1029),knapsack_08_ex2,COMPLETED,normal,20,2024-03-12T10:11:59,2024-03-12T10:11:59,compute03,1,1,/home/victorlga/scratch/supercomp/08,,"cpu=1,mem=1M,node=1,billing=1",,,,unknown,2024-03-12T10:11:58,2024-03-12T10:11:58,0:0,0:0
413,victorlga(1029),victorlga(1029),knapsack_08_ex2,COMPLETED,normal,20,2024-03-12T10:12:26,2024-03-12T10:12:26,compute03,1,1,/home/victorlga/scratch/supercomp/08,,"cpu=1,mem=1M,node=1,billing=1",,,,unknown,2024-03-12T10:12:25,2024-03-12T10:12:25,0:0,0:0
415,victorlga(1029),victorlga(1029),knapsack_08_final,COMPLETED,normal,20,2024-03-12T10:24:01,2024-03-12T10:24:01,compute00,1,1,/home/victorlga/scratch/supercomp/08,,"cpu=1,mem=1M,node=1,billing=1",,,,unknown,2024-03-12T10:24:01,2024-03-12T10:24:01,0:0,0:0
414,lorrancml(1009),lorrancml(1009),bash,FAILED,normal,20,2024-03-12T10:23:27,2024-03-12T10:26:48,compute03,1,1,/home/lorrancml/scratch/aula10,,"cpu=1,mem=14000M,node=1,billing=1",,,,unknown,2024-03-12T10:23:27,2024-03-12T10:23:27,0:0,127:0
416,lorrancml(1009),lorrancml(1009),solucao_aleatorizada,COMPLETED,express,5,2024-03-12T10:29:35,2024-03-12T10:29:35,compute03,1,1,/home/lorrancml/scratch/aula10,,"cpu=1,mem=1G,node=1,billing=1",,,,unknown,2024-03-12T10:29:34,2024-03-12T10:29:34,0:0,0:0
417,lorrancml(1009),lorrancml(1009),solucao_aleatorizada,COMPLETED,express,5,2024-03-12T10:29:50,2024-03-12T10:29:50,compute03,1,1,/home/lorrancml/scratch/aula10,,"cpu=1,mem=1G,node=1,billing=1",,,,unknown,2024-03-12T10:29:50,2024-03-12T10:29:50,0:0,0:0
418,lorrancml(1009),lorrancml(1009),solucao_aleatorizada,COMPLETED,express,5,2024-03-12T10:29:59,2024-03-12T10:29:59,compute03,1,1,/home/lorrancml/scratch/aula10,,"cpu=1,mem=1G,node=1,billing=1",,,,unknown,2024-03-12T10:29:59,2024-03-12T10:29:59,0:0,0:0
419,lorrancml(1009),lorrancml(1009),mochila_cheia,COMPLETED,express,5,2024-03-12T10:30:21,2024-03-12T10:30:21,compute03,1,1,/home/lorrancml/scratch/aula10,,"cpu=1,mem=1G,node=1,billing=1",,,,unknown,2024-03-12T10:30:21,2024-03-12T10:30:21,0:0,0:0
420,lorrancml(1009),lorrancml(1009),mochila_cheia,COMPLETED,express,5,2024-03-12T10:30:33,2024-03-12T10:30:33,compute03,1,1,/home/lorrancml/scratch/aula10,,"cpu=1,mem=1G,node=1,billing=1",,,,unknown,2024-03-12T10:30:33,2024-03-12T10:30:33,0:0,0:0
421,lorrancml(1009),lorrancml(1009),mochila_cheia,COMPLETED,express,5,2024-03-12T10:30:41,2024-03-12T10:30:41,compute03,1,1,/home/lorrancml/scratch/aula10,,"cpu=1,mem=1G,node=1,billing=1",,,,unknown,2024-03-12T10:30:41,2024-03-12T10:30:41,0:0,0:0
422,luizfl(1023),luizfl(1023),maisCaro,FAILED,normal,1,2024-03-13T14:16:22,2024-03-13T14:16:22,compute03,1,4,/home/luizfl/scratch,,"cpu=4,mem=1G,node=1,billing=4",,,,unknown,2024-03-13T14:16:21,2024-03-13T14:16:21,0:0,127:0
423,luizfl(1023),luizfl(1023),bash,COMPLETED,normal,20,2024-03-13T14:20:16,2024-03-13T14:20:39,compute03,1,1,/home/luizfl/scratch,,"cpu=1,mem=14000M,node=1,billing=1",,,,unknown,2024-03-13T14:20:16,2024-03-13T14:20:16,0:0,0:0
424,luizfl(1023),luizfl(1023),maisCaro,COMPLETED,normal,1,2024-03-13T14:21:38,2024-03-13T14:21:38,compute03,1,4,/home/luizfl/scratch,,"cpu=4,mem=1G,node=1,billing=4",,,,unknown,2024-03-13T14:21:37,2024-03-13T14:21:37,0:0,0:0
425,arthurcm5(1014),arthurcm5(1014),meu_teste,CANCELLED,normal,60,2024-03-15T06:58:30,2024-03-15T06:58:30,(null),0,0,/home/arthurcm5/scratch/aulas/aula5,,"cpu=1,mem=14000M,node=1,billing=1",,,,unknown,2024-03-13T14:24:00,2024-03-13T14:24:00,0:0,0:0
426,arthurcm5(1014),arthurcm5(1014),meu_teste,CANCELLED,express,60,2024-03-15T06:59:59,2024-03-15T06:59:59,(null),0,0,/home/arthurcm5/scratch/aulas/aula5,,"cpu=1,mem=500M,node=1,billing=1",,,,unknown,2024-03-15T06:59:43,2024-03-15T06:59:43,0:0,0:0
427,arthurcm5(1014),arthurcm5(1014),meu_teste,CANCELLED,express,60,2024-03-15T07:00:01,2024-03-15T07:00:01,(null),0,0,/home/arthurcm5/scratch/aulas/aula5,,"cpu=1,mem=500M,node=1,billing=1",,,,unknown,2024-03-15T06:59:51,2024-03-15T06:59:51,0:0,0:0
428,arthurcm5(1014),arthurcm5(1014),hello_world,COMPLETED,express,5,2024-03-15T07:13:21,2024-03-15T07:13:21,compute00,1,1,/home/arthurcm5/scratch,,"cpu=1,mem=500M,node=1,billing=1",,,,unknown,2024-03-15T07:13:20,2024-03-15T07:13:20,0:0,0:0
429,arthurcm5(1014),arthurcm5(1014),mais_caro,COMPLETED,express,5,2024-03-15T07:20:14,2024-03-15T07:20:14,compute00,1,1,/home/arthurcm5/scratch/aulas/aula5,,"cpu=1,mem=500M,node=1,billing=1",,,,unknown,2024-03-15T07:20:13,2024-03-15T07:20:13,0:0,0:0
430,arthurcm5(1014),arthurcm5(1014),extenso,COMPLETED,express,5,2024-03-15T07:56:36,2024-03-15T07:56:36,compute00,1,1,/home/arthurcm5/scratch/aulas/aula8,,"cpu=1,mem=500M,node=1,billing=1",,,,unknown,2024-03-15T07:56:35,2024-03-15T07:56:35,0:0,0:0
474,lorrancml(1009),lorrancml(1009),hello.slurm,CANCELLED,normal,20,2024-04-09T10:22:36,2024-04-09T10:22:36,(null),0,0,/home/lorrancml/scratch/aula12Paralelismo,,"cpu=1,mem=14000M,node=1,billing=1",,,,unknown,2024-04-09T10:21:12,2024-04-09T10:21:12,0:0,0:0
476,arthurmsb(1030),arthurmsb(1030),hello.slurm,COMPLETED,normal,20,2024-04-09T10:23:02,2024-04-09T10:23:02,compute00,1,1,/home/arthurmsb/scratch/aula_15,,"cpu=1,mem=128M,node=1,billing=1",,,,unknown,2024-04-09T10:23:01,2024-04-09T10:23:01,0:0,0:0
478,lorrancml(1009),lorrancml(1009),hello.slurm,COMPLETED,normal,20,2024-04-09T10:24:38,2024-04-09T10:24:38,compute00,1,1,/home/lorrancml/scratch/aula12Paralelismo,,"cpu=1,mem=500M,node=1,billing=1",,,,unknown,2024-04-09T10:24:37,2024-04-09T10:24:37,0:0,0:0
477,marlonsp(1037),marlonsp(1037),1_hello.slurm,CANCELLED,normal,20,2024-04-09T10:25:13,2024-04-09T10:25:13,(null),0,0,/home/marlonsp/scratch/aula15,,"cpu=1,mem=14000M,node=1,billing=1",,,,unknown,2024-04-09T10:24:17,2024-04-09T10:24:17,0:0,0:0
479,lorrancml(1009),lorrancml(1009),hello.slurm,COMPLETED,normal,20,2024-04-09T10:25:15,2024-04-09T10:25:15,compute00,1,4,/home/lorrancml/scratch/aula12Paralelismo,,"cpu=4,mem=500M,node=1,billing=4",,,,unknown,2024-04-09T10:25:15,2024-04-09T10:25:15,0:0,0:0
480,marlonsp(1037),marlonsp(1037),1_hello.slurm,COMPLETED,normal,20,2024-04-09T10:25:52,2024-04-09T10:25:52,compute00,1,1,/home/marlonsp/scratch/aula15,,"cpu=1,mem=500M,node=1,billing=1",,,,unknown,2024-04-09T10:25:51,2024-04-09T10:25:51,0:0,0:0
482,arthurmsb(1030),arthurmsb(1030),hello.slurm,COMPLETED,normal,20,2024-04-09T10:26:27,2024-04-09T10:26:27,compute00,1,4,/home/arthurmsb/scratch/aula_15,,"cpu=4,mem=128M,node=1,billing=4",,,,unknown,2024-04-09T10:26:26,2024-04-09T10:26:26,0:0,0:0
483,lorrancml(1009),lorrancml(1009),hello.slurm,COMPLETED,normal,20,2024-04-09T10:26:30,2024-04-09T10:26:30,compute00,1,4,/home/lorrancml/scratch/aula12Paralelismo,,"cpu=4,mem=500M,node=1,billing=4",,,,unknown,2024-04-09T10:26:30,2024-04-09T10:26:30,0:0,0:0
485,lorrancml(1009),lorrancml(1009),hello.slurm,COMPLETED,normal,20,2024-04-09T10:27:05,2024-04-09T10:27:05,compute00,1,8,/home/lorrancml/scratch/aula12Paralelismo,,"cpu=8,mem=500M,node=1,billing=8",,,,unknown,2024-04-09T10:27:05,2024-04-09T10:27:05,0:0,0:0
486,lorrancml(1009),lorrancml(1009),hello.slurm,COMPLETED,normal,20,2024-04-09T10:27:22,2024-04-09T10:27:22,compute00,1,16,/home/lorrancml/scratch/aula12Paralelismo,,"cpu=16,mem=500M,node=1,billing=16",,,,unknown,2024-04-09T10:27:22,2024-04-09T10:27:22,0:0,0:0
492,lorrancml(1009),lorrancml(1009),hello.slurm,COMPLETED,normal,20,2024-04-09T10:31:40,2024-04-09T10:31:40,compute00,1,4,/home/lorrancml/scratch/aula12Paralelismo,,"cpu=4,mem=500M,node=1,billing=4",,,,unknown,2024-04-09T10:31:39,2024-04-09T10:31:39,0:0,0:0
493,arthurmsb(1030),arthurmsb(1030),hello.slurm,COMPLETED,normal,20,2024-04-09T10:31:45,2024-04-09T10:31:45,compute00,1,4,/home/arthurmsb/scratch/aula_15,,"cpu=4,mem=128M,node=1,billing=4",,,,unknown,2024-04-09T10:31:44,2024-04-09T10:31:44,0:0,0:0
494,marlonsp(1037),marlonsp(1037),1_hello.slurm,COMPLETED,normal,20,2024-04-09T10:32:15,2024-04-09T10:32:15,compute00,1,1,/home/marlonsp/scratch/aula15,,"cpu=1,mem=500M,node=1,billing=1",,,,unknown,2024-04-09T10:32:14,2024-04-09T10:32:14,0:0,0:0
495,marlonsp(1037),marlonsp(1037),1_hello.slurm,COMPLETED,normal,20,2024-04-09T10:32:38,2024-04-09T10:32:38,compute00,1,4,/home/marlonsp/scratch/aula15,,"cpu=4,mem=500M,node=1,billing=4",,,,unknown,2024-04-09T10:32:37,2024-04-09T10:32:37,0:0,0:0
496,arthurmsb(1030),arthurmsb(1030),private.slurm,COMPLETED,normal,20,2024-04-09T10:40:41,2024-04-09T10:40:41,compute00,1,4,/home/arthurmsb/scratch/aula_15,,"cpu=4,mem=128M,node=1,billing=4",,,,unknown,2024-04-09T10:40:41,2024-04-09T10:40:41,0:0,0:0
500,lorrancml(1009),lorrancml(1009),private.slurm,COMPLETED,normal,20,2024-04-09T10:41:19,2024-04-09T10:41:19,compute00,1,4,/home/lorrancml/scratch/aula12Paralelismo,,"cpu=4,mem=500M,node=1,billing=4",,,,unknown,2024-04-09T10:41:19,2024-04-09T10:41:19,0:0,0:0
501,arthurmsb(1030),arthurmsb(1030),private.slurm,COMPLETED,normal,20,2024-04-09T10:41:22,2024-04-09T10:41:22,compute00,1,10,/home/arthurmsb/scratch/aula_15,,"cpu=10,mem=128M,node=1,billing=10",,,,unknown,2024-04-09T10:41:21,2024-04-09T10:41:21,0:0,0:0
503,lorrancml(1009),lorrancml(1009),private.slurm,COMPLETED,normal,20,2024-04-09T10:41:25,2024-04-09T10:41:25,compute00,1,4,/home/lorrancml/scratch/aula12Paralelismo,,"cpu=4,mem=500M,node=1,billing=4",,,,unknown,2024-04-09T10:41:25,2024-04-09T10:41:25,0:0,0:0
504,marlonsp(1037),marlonsp(1037),2_private.slurm,COMPLETED,normal,20,2024-04-09T10:41:38,2024-04-09T10:41:38,compute00,1,4,/home/marlonsp/scratch/aula15,,"cpu=4,mem=500M,node=1,billing=4",,,,unknown,2024-04-09T10:41:37,2024-04-09T10:41:37,0:0,0:0
505,lorrancml(1009),lorrancml(1009),private.slurm,COMPLETED,normal,20,2024-04-09T10:41:45,2024-04-09T10:41:45,compute00,1,16,/home/lorrancml/scratch/aula12Paralelismo,,"cpu=16,mem=500M,node=1,billing=16",,,,unknown,2024-04-09T10:41:44,2024-04-09T10:41:44,0:0,0:0
518,caiorp(1034),caiorp(1034),submissao.slurm,CANCELLED,normal,20,Unknown,2024-04-12T08:26:05,(null),0,0,/home/caiorp/scratch/aula_10,,"cpu=1,mem=14000M,node=1,billing=1",,,,unknown,2024-04-12T08:25:57,2024-04-12T08:25:57,0:0,0:0
520,caiorp(1034),caiorp(1034),teste_job,CANCELLED,normal,2,2024-04-12T08:34:22,2024-04-12T08:34:22,(null),0,0,/home/caiorp/scratch/aula_10,,"cpu=1,mem=14000M,node=1,billing=1",,,,unknown,2024-04-12T08:30:22,2024-04-12T08:30:22,0:0,0:0
519,caiorp(1034),caiorp(1034),teste_job,CANCELLED,express,2,2024-04-12T08:34:25,2024-04-12T08:34:25,(null),0,0,/home/caiorp/scratch/aula_10,,"cpu=1,mem=14000M,node=1,billing=1",,,,unknown,2024-04-12T08:28:17,2024-04-12T08:28:17,0:0,0:0
521,caiorp(1034),caiorp(1034),teste_job,CANCELLED,normal,2,2024-04-12T08:36:11,2024-04-12T08:36:11,(null),0,0,/home/caiorp/scratch/aula_10,,"cpu=2,mem=14000M,node=1,billing=2",,,,unknown,2024-04-12T08:34:33,2024-04-12T08:34:33,0:0,0:0
522,caiorp(1034),caiorp(1034),teste_job,CANCELLED,normal,2,2024-04-12T08:36:54,2024-04-12T08:36:54,(null),0,0,/home/caiorp/scratch/aula_10,,"cpu=2,mem=14000M,node=1,billing=2",,,,unknown,2024-04-12T08:36:22,2024-04-12T08:36:22,0:0,0:0
523,caiorp(1034),caiorp(1034),teste_job,CANCELLED,normal,2,2024-04-12T08:36:56,2024-04-12T08:36:56,(null),0,0,/home/caiorp/scratch/aula_10,,"cpu=2,mem=14000M,node=1,billing=2",,,,unknown,2024-04-12T08:36:46,2024-04-12T08:36:46,0:0,0:0
525,caiorp(1034),caiorp(1034),teste_job,COMPLETED,normal,2,2024-04-12T08:39:00,2024-04-12T08:39:16,compute00,1,2,/home/caiorp/scratch/aula_10,,"cpu=2,mem=400M,node=1,billing=2",,,,unknown,2024-04-12T08:39:00,2024-04-12T08:39:00,0:0,0:0
524,caiorp(1034),caiorp(1034),teste_job,CANCELLED,normal,2,2024-04-12T08:51:44,2024-04-12T08:51:44,(null),0,0,/home/caiorp/scratch/aula_10,,"cpu=2,mem=14000M,node=1,billing=2",,,,unknown,2024-04-12T08:37:36,2024-04-12T08:37:36,0:0,0:0
526,caiorp(1034),caiorp(1034),teste_job,COMPLETED,normal,2,2024-04-12T08:51:24,2024-04-12T08:51:45,compute00,1,2,/home/caiorp/scratch/aula_10,,"cpu=2,mem=400M,node=1,billing=2",,,,unknown,2024-04-12T08:51:23,2024-04-12T08:51:23,0:0,0:0
